,year,type,stage
0,1903,p1,1
1,1903,p4,2
2,1903,p1,3
3,1903,p1,4
4,1903,p1,5
5,1903,p1,6
6,1904,p0,1
7,1904,p0,2
8,1904,p0,3
9,1904,p0,4
10,1904,p0,5
11,1904,p0,6
12,1905,p0,1
13,1905,p0,2
14,1905,p0,3
15,1905,p0,4
16,1905,p0,5
17,1905,p0,6
18,1905,p0,7
19,1905,p0,8
20,1905,p0,9
21,1905,p0,10
22,1905,p0,11
23,1906,p0,1
24,1906,p0,2
25,1906,p0,3
26,1906,p0,4
27,1906,p0,5
28,1906,p0,6
29,1906,p0,7
30,1906,p0,8
31,1906,p0,9
32,1906,p0,10
33,1906,p0,11
34,1906,p0,12
35,1906,p0,13
36,1907,p1,1
37,1907,p1,2
38,1907,p4,3
39,1907,p4,4
40,1907,p4,5
41,1907,p4,6
42,1907,p1,7
43,1907,p1,8
44,1907,p1,9
45,1907,p1,10
46,1907,p1,11
47,1907,p1,12
48,1907,p1,13
49,1907,p1,14
50,1908,p0,1
51,1908,p0,2
52,1908,p0,3
53,1908,p0,4
54,1908,p0,5
55,1908,p0,6
56,1908,p0,7
57,1908,p0,8
58,1908,p0,9
59,1908,p0,10
60,1908,p0,11
61,1908,p0,12
62,1908,p0,13
63,1908,p0,14
64,1909,p0,1
65,1909,p0,2
66,1909,p0,3
67,1909,p0,4
68,1909,p0,5
69,1909,p0,6
70,1909,p0,7
71,1909,p0,8
72,1909,p0,9
73,1909,p0,10
74,1909,p0,11
75,1909,p0,12
76,1909,p0,13
77,1909,p0,14
78,1910,p1,1
79,1910,p1,2
80,1910,p4,3
81,1910,p4,4
82,1910,p4,5
83,1910,p4,6
84,1910,p1,7
85,1910,p1,8
86,1910,p4,9
87,1910,p4,10
88,1910,p1,11
89,1910,p1,12
90,1910,p1,13
91,1910,p1,14
92,1910,p1,15
93,1911,p1,1
94,1911,p1,2
95,1911,p4,3
96,1911,p4,4
97,1911,p4,5
98,1911,p4,6
99,1911,p4,7
100,1911,p1,8
101,1911,p4,9
102,1911,p4,10
103,1911,p1,11
104,1911,p1,12
105,1911,p1,13
106,1911,p1,14
107,1911,p1,15
108,1912,p0,1
109,1912,p0,2
110,1912,p0,3
111,1912,p0,4
112,1912,p0,5
113,1912,p0,6
114,1912,p0,7
115,1912,p0,8
116,1912,p0,9
117,1912,p0,10
118,1912,p0,11
119,1912,p0,12
120,1912,p0,13
121,1912,p0,14
122,1912,p0,15
123,1913,p1,1
124,1913,p1,2
125,1913,p1,3
126,1913,p1,4
127,1913,p1,5
128,1913,p4,6
129,1913,p4,7
130,1913,p1,8
131,1913,p4,9
132,1913,p4,10
133,1913,p4,11
134,1913,p4,12
135,1913,p4,13
136,1913,p1,14
137,1913,p1,15
138,1914,p1,1
139,1914,p1,2
140,1914,p1,3
141,1914,p1,4
142,1914,p1,5
143,1914,p4,6
144,1914,p4,7
145,1914,p1,8
146,1914,p4,9
147,1914,p4,10
148,1914,p4,11
149,1914,p4,12
150,1914,p4,13
151,1914,p1,14
152,1914,p1,15
153,1919,p1,1
154,1919,p1,2
155,1919,p1,3
156,1919,p1,4
157,1919,p1,5
158,1919,p4,6
159,1919,p4,7
160,1919,p1,8
161,1919,p4,9
162,1919,p4,10
163,1919,p4,11
164,1919,p4,12
165,1919,p1,13
166,1919,p1,14
167,1919,p1,15
168,1920,p1,1
169,1920,p1,2
170,1920,p1,3
171,1920,p1,4
172,1920,p1,5
173,1920,p4,6
174,1920,p4,7
175,1920,p1,8
176,1920,p4,9
177,1920,p4,10
178,1920,p4,11
179,1920,p1,12
180,1920,p1,13
181,1920,p1,14
182,1920,p1,15
183,1921,p1,1
184,1921,p1,2
185,1921,p1,3
186,1921,p1,4
187,1921,p1,5
188,1921,p4,6
189,1921,p4,7
190,1921,p1,8
191,1921,p4,9
192,1921,p4,10
193,1921,p4,11
194,1921,p1,12
195,1921,p1,13
196,1921,p1,14
197,1921,p1,15
198,1922,p1,1
199,1922,p1,2
200,1922,p1,3
201,1922,p1,4
202,1922,p1,5
203,1922,p4,6
204,1922,p4,7
205,1922,p1,8
206,1922,p4,9
207,1922,p4,10
208,1922,p4,11
209,1922,p1,12
210,1922,p1,13
211,1922,p1,14
212,1922,p1,15
213,1923,p1,1
214,1923,p1,2
215,1923,p1,3
216,1923,p1,4
217,1923,p1,5
218,1923,p4,6
219,1923,p4,7
220,1923,p1,8
221,1923,p4,9
222,1923,p4,10
223,1923,p4,11
224,1923,p1,12
225,1923,p1,13
226,1923,p1,14
227,1923,p1,15
228,1924,p0,1
229,1924,p0,2
230,1924,p0,3
231,1924,p0,4
232,1924,p0,5
233,1924,p0,6
234,1924,p0,7
235,1924,p0,8
236,1924,p0,9
237,1924,p0,10
238,1924,p0,11
239,1924,p0,12
240,1924,p0,13
241,1924,p0,14
242,1924,p0,15
243,1925,p1,1
244,1925,p1,2
245,1925,p1,3
246,1925,p1,4
247,1925,p1,5
248,1925,p1,6
249,1925,p1,7
250,1925,p4,8
251,1925,p4,9
252,1925,p1,10
253,1925,p1,11
254,1925,p4,12
255,1925,p4,13
256,1925,p4,14
257,1925,p4,15
258,1925,p1,16
259,1925,p1,17
260,1925,p1,18
261,1926,p1,1
262,1926,p1,2
263,1926,p1,3
264,1926,p1,4
265,1926,p1,5
266,1926,p1,6
267,1926,p1,7
268,1926,p1,8
269,1926,p1,9
270,1926,p4,10
271,1926,p4,11
272,1926,p1,12
273,1926,p1,13
274,1926,p4,14
275,1926,p4,15
276,1926,p1,16
277,1926,p1,17
278,1927,p1,1
279,1927,p1,2
280,1927,p1,3
281,1927,p1,4
282,1927,p1,5
283,1927,p1,6
284,1927,p1,7
285,1927,p1,8
286,1927,p1,9
287,1927,p1,10
288,1927,p4,11
289,1927,p4,12
290,1927,p1,13
291,1927,p1,14
292,1927,p4,15
293,1927,p4,16
294,1927,p4,17
295,1927,p1,18
296,1927,p1,19
297,1927,p1,20
298,1927,p1,21
299,1927,p1,22
300,1927,p1,23
301,1927,p1,24
302,1928,p1,1
303,1928,p1,2
304,1928,p1,3
305,1928,p1,4
306,1928,p1,5
307,1928,p1,6
308,1928,p1,7
309,1928,p1,8
310,1928,p4,9
311,1928,p4,10
312,1928,p1,11
313,1928,p4,12
314,1928,p4,13
315,1928,p4,14
316,1928,p1,15
317,1928,p1,16
318,1928,p1,17
319,1928,p1,18
320,1928,p1,19
321,1928,p1,20
322,1928,p1,21
323,1928,p1,22
324,1929,p1,1
325,1929,p1,2
326,1929,p1,3
327,1929,p1,4
328,1929,p1,5
329,1929,p1,6
330,1929,p1,7
331,1929,p1,8
332,1929,p4,9
333,1929,p4,10
334,1929,p1,11
335,1929,p1,12
336,1929,p4,13
337,1929,p4,14
338,1929,p4,15
339,1929,p4,16
340,1929,p1,17
341,1929,p1,18
342,1929,p1,19
343,1929,p1,20
344,1929,p1,21
345,1929,p1,22
346,1930,p1,1
347,1930,p1,2
348,1930,p1,3
349,1930,p1,4
350,1930,p1,5
351,1930,p1,6
352,1930,p1,7
353,1930,p1,8
354,1930,p4,9
355,1930,p4,10
356,1930,p1,11
357,1930,p1,12
358,1930,p1,13
359,1930,p4,14
360,1930,p4,15
361,1930,p4,16
362,1930,p4,17
363,1930,p1,18
364,1930,p1,19
365,1930,p1,20
366,1930,p1,21
367,1931,p1,1
368,1931,p1,2
369,1931,p1,3
370,1931,p1,4
371,1931,p1,5
372,1931,p1,6
373,1931,p1,7
374,1931,p1,8
375,1931,p4,9
376,1931,p4,10
377,1931,p1,11
378,1931,p1,12
379,1931,p1,13
380,1931,p4,14
381,1931,p4,15
382,1931,p4,16
383,1931,p4,17
384,1931,p4,18
385,1931,p4,19
386,1931,p4,20
387,1931,p1,21
388,1931,p1,22
389,1931,p1,23
390,1931,p1,24
391,1932,p1,1
392,1932,p1,2
393,1932,p1,3
394,1932,p1,4
395,1932,p4,5
396,1932,p4,6
397,1932,p1,7
398,1932,p1,8
399,1932,p1,9
400,1932,p4,10
401,1932,p4,11
402,1932,p4,12
403,1932,p4,13
404,1932,p4,14
405,1932,p4,15
406,1932,p1,16
407,1932,p1,17
408,1932,p1,18
409,1932,p1,19
410,1932,p1,20
411,1932,p1,21
412,1933,p1,1
413,1933,p1,2
414,1933,p1,3
415,1933,p4,4
416,1933,p4,5
417,1933,p4,6
418,1933,p4,7
419,1933,p4,8
420,1933,p4,9
421,1933,p1,10
422,1933,p4,11
423,1933,p1,12
424,1933,p1,13
425,1933,p1,14
426,1933,p4,15
427,1933,p4,16
428,1933,p4,17
429,1933,p4,18
430,1933,p1,19
431,1933,p1,20
432,1933,p1,21
433,1933,p1,22
434,1933,p1,23
435,1934,p1,1
436,1934,p1,2
437,1934,p1,3
438,1934,p4,4
439,1934,p1,5
440,1934,p4,6
441,1934,p4,7
442,1934,p4,8
443,1934,p4,9
444,1934,p1,10
445,1934,p4,11
446,1934,p1,12
447,1934,p1,13
448,1934,p1,14
449,1934,p1,15
450,1934,p4,16
451,1934,p4,17
452,1934,p4,18
453,1934,p1,19
454,1934,p1,20
455,1934,p1,21
456,1934,p1,22
457,1934,p1,23
458,1934,p1,24
459,1935,p1,1
460,1935,p1,2
461,1935,p1,3
462,1935,p4,4
463,1935,p1,5
464,1935,p1,6
465,1935,p4,7
466,1935,p4,8
467,1935,p4,9
468,1935,p4,10
469,1935,p1,11
470,1935,p4,12
471,1935,p1,13
472,1935,p1,14
473,1935,p1,15
474,1935,p1,16
475,1935,p1,17
476,1935,p4,18
477,1935,p4,19
478,1935,p1,20
479,1935,p1,21
480,1935,p1,22
481,1935,p1,23
482,1935,p1,24
483,1935,p1,25
484,1935,p1,26
485,1935,p1,27
486,1936,p1,1
487,1936,p1,2
488,1936,p1,3
489,1936,p4,4
490,1936,p1,5
491,1936,p4,6
492,1936,p4,7
493,1936,p4,8
494,1936,p4,9
495,1936,p1,10
496,1936,p4,11
497,1936,p1,12
498,1936,p1,13
499,1936,p1,14
500,1936,p1,15
501,1936,p1,16
502,1936,p4,17
503,1936,p4,18
504,1936,p1,19
505,1936,p1,20
506,1936,p1,21
507,1936,p1,22
508,1936,p1,23
509,1936,p1,24
510,1936,p1,25
511,1936,p1,26
512,1936,p1,27
513,1937,p1,1
514,1937,p1,2
515,1937,p1,3
516,1937,p4,4
517,1937,p1,5
518,1937,p1,6
519,1937,p1,7
520,1937,p4,8
521,1937,p4,9
522,1937,p4,10
523,1937,p4,11
524,1937,p4,12
525,1937,p1,13
526,1937,p1,14
527,1937,p1,15
528,1937,p1,16
529,1937,p1,17
530,1937,p1,18
531,1937,p4,19
532,1937,p4,20
533,1937,p1,21
534,1937,p4,22
535,1937,p1,23
536,1937,p1,24
537,1937,p1,25
538,1937,p1,26
539,1937,p1,27
540,1937,p1,28
541,1937,p1,29
542,1937,p1,30
543,1937,p1,31
544,1938,p1,1
545,1938,p1,2
546,1938,p1,3
547,1938,p1,4
548,1938,p1,5
549,1938,p1,6
550,1938,p1,7
551,1938,p1,8
552,1938,p1,9
553,1938,p1,10
554,1938,p4,11
555,1938,p4,12
556,1938,p1,13
557,1938,p1,14
558,1938,p1,15
559,1938,p1,16
560,1938,p1,17
561,1938,p4,18
562,1938,p4,19
563,1938,p4,20
564,1938,p4,21
565,1938,p1,22
566,1938,p1,23
567,1938,p1,24
568,1938,p1,25
569,1938,p1,26
570,1938,p1,27
571,1938,p1,28
572,1938,p1,29
573,1939,p1,1
574,1939,p1,2
575,1939,p1,3
576,1939,p1,4
577,1939,p1,5
578,1939,p1,6
579,1939,p1,7
580,1939,p1,8
581,1939,p1,9
582,1939,p1,10
583,1939,p1,11
584,1939,p4,12
585,1939,p1,13
586,1939,p1,14
587,1939,p1,15
588,1939,p1,16
589,1939,p1,17
590,1939,p1,18
591,1939,p4,19
592,1939,p1,20
593,1939,p4,21
594,1939,p1,22
595,1939,p4,23
596,1939,p4,24
597,1939,p4,25
598,1939,p1,26
599,1939,p1,27
600,1939,p1,28
601,1947,p0,1
602,1947,p0,2
603,1947,p0,3
604,1947,p0,4
605,1947,p0,5
606,1947,p0,6
607,1947,p0,7
608,1947,p0,8
609,1947,p0,9
610,1947,p0,10
611,1947,p0,11
612,1947,p0,12
613,1947,p0,13
614,1947,p0,14
615,1947,p0,15
616,1947,p0,16
617,1947,p0,17
618,1947,p0,18
619,1947,p0,19
620,1947,p0,20
621,1947,p0,21
622,1948,p0,1
623,1948,p0,2
624,1948,p0,3
625,1948,p0,4
626,1948,p0,5
627,1948,p0,6
628,1948,p0,7
629,1948,p0,8
630,1948,p0,9
631,1948,p0,10
632,1948,p0,11
633,1948,p0,12
634,1948,p0,13
635,1948,p0,14
636,1948,p0,15
637,1948,p0,16
638,1948,p0,17
639,1948,p0,18
640,1948,p0,19
641,1948,p0,20
642,1948,p0,21
643,1949,p0,1
644,1949,p0,2
645,1949,p0,3
646,1949,p0,4
647,1949,p0,5
648,1949,p0,6
649,1949,p0,7
650,1949,p0,8
651,1949,p0,9
652,1949,p0,10
653,1949,p0,11
654,1949,p0,12
655,1949,p0,13
656,1949,p0,14
657,1949,p0,15
658,1949,p0,16
659,1949,p0,17
660,1949,p0,18
661,1949,p0,19
662,1949,p0,20
663,1949,p0,21
664,1950,p0,1
665,1950,p0,2
666,1950,p0,3
667,1950,p0,4
668,1950,p0,5
669,1950,p0,6
670,1950,p0,7
671,1950,p0,8
672,1950,p0,9
673,1950,p0,10
674,1950,p0,11
675,1950,p0,12
676,1950,p0,13
677,1950,p0,14
678,1950,p0,15
679,1950,p0,16
680,1950,p0,17
681,1950,p0,18
682,1950,p0,19
683,1950,p0,20
684,1950,p0,21
685,1950,p0,22
686,1951,p0,1
687,1951,p0,2
688,1951,p0,3
689,1951,p0,4
690,1951,p0,5
691,1951,p0,6
692,1951,p0,7
693,1951,p0,8
694,1951,p0,9
695,1951,p0,10
696,1951,p0,11
697,1951,p0,12
698,1951,p0,13
699,1951,p0,14
700,1951,p0,15
701,1951,p0,16
702,1951,p0,17
703,1951,p0,18
704,1951,p0,19
705,1951,p0,20
706,1951,p0,21
707,1951,p0,22
708,1951,p0,23
709,1951,p0,24
710,1952,p0,1
711,1952,p0,2
712,1952,p0,3
713,1952,p0,4
714,1952,p0,5
715,1952,p0,6
716,1952,p0,7
717,1952,p0,8
718,1952,p0,9
719,1952,p0,10
720,1952,p0,11
721,1952,p0,12
722,1952,p0,13
723,1952,p0,14
724,1952,p0,15
725,1952,p0,16
726,1952,p0,17
727,1952,p0,18
728,1952,p0,19
729,1952,p0,20
730,1952,p0,21
731,1952,p0,22
732,1952,p0,23
733,1953,p0,1
734,1953,p0,2
735,1953,p0,3
736,1953,p0,4
737,1953,p0,5
738,1953,p0,6
739,1953,p0,7
740,1953,p0,8
741,1953,p0,9
742,1953,p0,10
743,1953,p0,11
744,1953,p0,12
745,1953,p0,13
746,1953,p0,14
747,1953,p0,15
748,1953,p0,16
749,1953,p0,17
750,1953,p0,18
751,1953,p0,19
752,1953,p0,20
753,1953,p0,21
754,1953,p0,22
755,1954,p0,1
756,1954,p0,2
757,1954,p0,3
758,1954,p0,4
759,1954,p0,5
760,1954,p0,6
761,1954,p0,7
762,1954,p0,8
763,1954,p0,9
764,1954,p0,10
765,1954,p0,11
766,1954,p0,12
767,1954,p0,13
768,1954,p0,14
769,1954,p0,15
770,1954,p0,16
771,1954,p0,17
772,1954,p0,18
773,1954,p0,19
774,1954,p0,20
775,1954,p0,21
776,1954,p0,22
777,1954,p0,23
778,1954,p0,24
779,1954,p0,25
780,1955,p0,1
781,1955,p0,2
782,1955,p0,3
783,1955,p0,4
784,1955,p0,5
785,1955,p0,6
786,1955,p0,7
787,1955,p0,8
788,1955,p0,9
789,1955,p0,10
790,1955,p0,11
791,1955,p0,12
792,1955,p0,13
793,1955,p0,14
794,1955,p0,15
795,1955,p0,16
796,1955,p0,17
797,1955,p0,18
798,1955,p0,19
799,1955,p0,20
800,1955,p0,21
801,1955,p0,22
802,1955,p0,23
803,1956,p0,1
804,1956,p0,2
805,1956,p0,3
806,1956,p0,4
807,1956,p0,5
808,1956,p0,6
809,1956,p0,7
810,1956,p0,8
811,1956,p0,9
812,1956,p0,10
813,1956,p0,11
814,1956,p0,12
815,1956,p0,13
816,1956,p0,14
817,1956,p0,15
818,1956,p0,16
819,1956,p0,17
820,1956,p0,18
821,1956,p0,19
822,1956,p0,20
823,1956,p0,21
824,1956,p0,22
825,1956,p0,23
826,1957,p0,1
827,1957,p0,2
828,1957,p0,3
829,1957,p0,4
830,1957,p0,5
831,1957,p0,6
832,1957,p0,7
833,1957,p0,8
834,1957,p0,9
835,1957,p0,10
836,1957,p0,11
837,1957,p0,12
838,1957,p0,13
839,1957,p0,14
840,1957,p0,15
841,1957,p0,16
842,1957,p0,17
843,1957,p0,18
844,1957,p0,19
845,1957,p0,20
846,1957,p0,21
847,1957,p0,22
848,1957,p0,23
849,1957,p0,24
850,1958,p0,1
851,1958,p0,2
852,1958,p0,3
853,1958,p0,4
854,1958,p0,5
855,1958,p0,6
856,1958,p0,7
857,1958,p0,8
858,1958,p0,9
859,1958,p0,10
860,1958,p0,11
861,1958,p0,12
862,1958,p0,13
863,1958,p0,14
864,1958,p0,15
865,1958,p0,16
866,1958,p0,17
867,1958,p5,18
868,1958,p0,19
869,1958,p0,20
870,1958,p0,21
871,1958,p0,22
872,1958,p0,23
873,1958,p0,24
874,1959,p0,1
875,1959,p0,2
876,1959,p0,3
877,1959,p0,4
878,1959,p0,5
879,1959,p0,6
880,1959,p0,7
881,1959,p0,8
882,1959,p0,9
883,1959,p0,10
884,1959,p0,11
885,1959,p0,12
886,1959,p0,13
887,1959,p0,14
888,1959,p0,15
889,1959,p0,16
890,1959,p0,17
891,1959,p0,18
892,1959,p0,19
893,1959,p0,20
894,1959,p0,21
895,1959,p0,22
896,1960,p0,1
897,1960,p0,2
898,1960,p0,3
899,1960,p0,4
900,1960,p0,5
901,1960,p0,6
902,1960,p0,7
903,1960,p0,8
904,1960,p0,9
905,1960,p0,10
906,1960,p0,11
907,1960,p0,12
908,1960,p0,13
909,1960,p0,14
910,1960,p0,15
911,1960,p0,16
912,1960,p0,17
913,1960,p0,18
914,1960,p0,19
915,1960,p0,20
916,1960,p0,21
917,1960,p0,22
918,1961,p0,1
919,1961,p0,2
920,1961,p0,3
921,1961,p0,4
922,1961,p0,5
923,1961,p0,6
924,1961,p0,7
925,1961,p0,8
926,1961,p0,9
927,1961,p0,10
928,1961,p0,11
929,1961,p0,12
930,1961,p0,13
931,1961,p0,14
932,1961,p0,15
933,1961,p0,16
934,1961,p0,17
935,1961,p0,18
936,1961,p0,19
937,1961,p0,20
938,1961,p0,21
939,1961,p0,22
940,1962,p0,1
941,1962,p0,2
942,1962,p0,3
943,1962,p0,4
944,1962,p0,5
945,1962,p0,6
946,1962,p0,7
947,1962,p0,8
948,1962,p0,9
949,1962,p0,10
950,1962,p0,11
951,1962,p0,12
952,1962,p0,13
953,1962,p0,14
954,1962,p0,15
955,1962,p0,16
956,1962,p0,17
957,1962,p0,18
958,1962,p0,19
959,1962,p0,20
960,1962,p0,21
961,1962,p0,22
962,1962,p0,23
963,1962,p0,24
964,1963,p0,1
965,1963,p0,2
966,1963,p0,3
967,1963,p0,4
968,1963,p0,5
969,1963,p0,6
970,1963,p0,7
971,1963,p0,8
972,1963,p0,9
973,1963,p0,10
974,1963,p0,11
975,1963,p0,12
976,1963,p0,13
977,1963,p0,14
978,1963,p0,15
979,1963,p0,16
980,1963,p0,17
981,1963,p0,18
982,1963,p0,19
983,1963,p0,20
984,1963,p0,21
985,1963,p0,22
986,1963,p0,23
987,1964,p0,1
988,1964,p0,2
989,1964,p0,3
990,1964,p0,4
991,1964,p0,5
992,1964,p0,6
993,1964,p0,7
994,1964,p0,8
995,1964,p0,9
996,1964,p0,10
997,1964,p0,11
998,1964,p0,12
999,1964,p0,13
1000,1964,p0,14
1001,1964,p0,15
1002,1964,p0,16
1003,1964,p0,17
1004,1964,p0,18
1005,1964,p0,19
1006,1964,p0,20
1007,1964,p0,21
1008,1964,p0,22
1009,1964,p0,23
1010,1964,p0,24
1011,1964,p0,25
1012,1965,p0,1
1013,1965,p0,2
1014,1965,p0,3
1015,1965,p0,4
1016,1965,p0,5
1017,1965,p0,6
1018,1965,p0,7
1019,1965,p0,8
1020,1965,p0,9
1021,1965,p0,10
1022,1965,p0,11
1023,1965,p0,12
1024,1965,p0,13
1025,1965,p0,14
1026,1965,p0,15
1027,1965,p0,16
1028,1965,p0,17
1029,1965,p0,18
1030,1965,p0,19
1031,1965,p0,20
1032,1965,p0,21
1033,1965,p0,22
1034,1965,p0,23
1035,1965,p0,24
1036,1966,p0,1
1037,1966,p0,2
1038,1966,p0,3
1039,1966,p0,4
1040,1966,p0,5
1041,1966,p0,6
1042,1966,p0,7
1043,1966,p0,8
1044,1966,p0,9
1045,1966,p0,10
1046,1966,p0,11
1047,1966,p0,12
1048,1966,p0,13
1049,1966,p0,14
1050,1966,p0,15
1051,1966,p0,16
1052,1966,p0,17
1053,1966,p0,18
1054,1966,p0,19
1055,1966,p0,20
1056,1966,p0,21
1057,1966,p0,22
1058,1966,p0,23
1059,1966,p0,24
1060,1966,p0,25
1061,1967,p0,1
1062,1967,p0,2
1063,1967,p0,3
1064,1967,p0,4
1065,1967,p0,5
1066,1967,p0,6
1067,1967,p0,7
1068,1967,p0,8
1069,1967,p0,9
1070,1967,p0,10
1071,1967,p0,11
1072,1967,p0,12
1073,1967,p0,13
1074,1967,p0,14
1075,1967,p0,15
1076,1967,p0,16
1077,1967,p0,17
1078,1967,p0,18
1079,1967,p0,19
1080,1967,p0,20
1081,1967,p0,21
1082,1967,p0,22
1083,1967,p0,23
1084,1967,p0,24
1085,1967,p0,25
1086,1968,p0,1
1087,1968,p0,2
1088,1968,p0,3
1089,1968,p0,4
1090,1968,p0,5
1091,1968,p0,6
1092,1968,p0,7
1093,1968,p0,8
1094,1968,p0,9
1095,1968,p0,10
1096,1968,p0,11
1097,1968,p0,12
1098,1968,p0,13
1099,1968,p0,14
1100,1968,p0,15
1101,1968,p0,16
1102,1968,p0,17
1103,1968,p0,18
1104,1968,p0,19
1105,1968,p0,20
1106,1968,p0,21
1107,1968,p0,22
1108,1968,p0,23
1109,1968,p0,24
1110,1968,p0,25
1111,1968,p0,26
1112,1969,p0,1
1113,1969,p0,2
1114,1969,p0,3
1115,1969,p0,4
1116,1969,p0,5
1117,1969,p0,6
1118,1969,p0,7
1119,1969,p0,8
1120,1969,p0,9
1121,1969,p0,10
1122,1969,p0,11
1123,1969,p0,12
1124,1969,p0,13
1125,1969,p0,14
1126,1969,p0,15
1127,1969,p0,16
1128,1969,p0,17
1129,1969,p0,18
1130,1969,p0,19
1131,1969,p0,20
1132,1969,p0,21
1133,1969,p0,22
1134,1969,p0,23
1135,1969,p0,24
1136,1969,p0,25
1137,1969,p0,26
1138,1970,p0,1
1139,1970,p0,2
1140,1970,p0,3
1141,1970,p0,4
1142,1970,p0,5
1143,1970,p0,6
1144,1970,p0,7
1145,1970,p0,8
1146,1970,p0,9
1147,1970,p0,10
1148,1970,p0,11
1149,1970,p0,12
1150,1970,p0,13
1151,1970,p0,14
1152,1970,p0,15
1153,1970,p0,16
1154,1970,p0,17
1155,1970,p0,18
1156,1970,p0,19
1157,1970,p0,20
1158,1970,p0,21
1159,1970,p0,22
1160,1970,p0,23
1161,1970,p0,24
1162,1970,p0,25
1163,1970,p0,26
1164,1970,p0,27
1165,1970,p0,28
1166,1970,p0,29
1167,1971,p1,1
1168,1971,p2,2
1169,1971,p1,3
1170,1971,p1,4
1171,1971,p2,5
1172,1971,p2,6
1173,1971,p1,7
1174,1971,p2,8
1175,1971,p1,9
1176,1971,p1,10
1177,1971,p1,11
1178,1971,p4,12
1179,1971,p4,13
1180,1971,p4,14
1181,1971,p4,15
1182,1971,p1,16
1183,1971,p1,17
1184,1971,p4,18
1185,1971,p4,19
1186,1971,p4,20
1187,1971,p4,21
1188,1971,p1,22
1189,1971,p1,23
1190,1971,p1,24
1191,1971,p1,25
1192,1972,p0,1
1193,1972,p0,2
1194,1972,p0,3
1195,1972,p0,4
1196,1972,p0,5
1197,1972,p0,6
1198,1972,p0,7
1199,1972,p0,8
1200,1972,p0,9
1201,1972,p0,10
1202,1972,p0,11
1203,1972,p0,12
1204,1972,p0,13
1205,1972,p0,14
1206,1972,p0,15
1207,1972,p0,16
1208,1972,p0,17
1209,1972,p0,18
1210,1972,p0,19
1211,1972,p0,20
1212,1972,p0,21
1213,1972,p0,22
1214,1972,p0,23
1215,1972,p0,24
1216,1972,p0,25
1217,1973,p0,1
1218,1973,p0,2
1219,1973,p0,3
1220,1973,p0,4
1221,1973,p0,5
1222,1973,p0,6
1223,1973,p0,7
1224,1973,p0,8
1225,1973,p0,9
1226,1973,p0,10
1227,1973,p0,11
1228,1973,p0,12
1229,1973,p0,13
1230,1973,p0,14
1231,1973,p0,15
1232,1973,p0,16
1233,1973,p0,17
1234,1973,p0,18
1235,1973,p0,19
1236,1973,p0,20
1237,1973,p0,21
1238,1973,p0,22
1239,1973,p0,23
1240,1973,p0,24
1241,1973,p0,25
1242,1973,p0,26
1243,1973,p0,27
1244,1974,p0,1
1245,1974,p0,2
1246,1974,p0,3
1247,1974,p0,4
1248,1974,p0,5
1249,1974,p0,6
1250,1974,p0,7
1251,1974,p0,8
1252,1974,p0,9
1253,1974,p0,10
1254,1974,p0,11
1255,1974,p0,12
1256,1974,p0,13
1257,1974,p0,14
1258,1974,p0,15
1259,1974,p0,16
1260,1974,p0,17
1261,1974,p0,18
1262,1974,p0,19
1263,1974,p0,20
1264,1974,p0,21
1265,1974,p0,22
1266,1974,p0,23
1267,1974,p0,24
1268,1974,p0,25
1269,1974,p0,26
1270,1974,p0,27
1271,1975,p0,1
1272,1975,p0,2
1273,1975,p0,3
1274,1975,p0,4
1275,1975,p0,5
1276,1975,p0,6
1277,1975,p0,7
1278,1975,p0,8
1279,1975,p0,9
1280,1975,p0,10
1281,1975,p0,11
1282,1975,p0,12
1283,1975,p0,13
1284,1975,p0,14
1285,1975,p0,15
1286,1975,p0,16
1287,1975,p0,17
1288,1975,p0,18
1289,1975,p0,19
1290,1975,p0,20
1291,1975,p0,21
1292,1975,p0,22
1293,1975,p0,23
1294,1975,p0,24
1295,1975,p0,25
1296,1976,p0,1
1297,1976,p0,2
1298,1976,p0,3
1299,1976,p0,4
1300,1976,p0,5
1301,1976,p0,6
1302,1976,p0,7
1303,1976,p0,8
1304,1976,p0,9
1305,1976,p0,10
1306,1976,p0,11
1307,1976,p0,12
1308,1976,p0,13
1309,1976,p0,14
1310,1976,p0,15
1311,1976,p0,16
1312,1976,p0,17
1313,1976,p0,18
1314,1976,p0,19
1315,1976,p0,20
1316,1976,p0,21
1317,1976,p0,22
1318,1976,p0,23
1319,1976,p0,24
1320,1976,p0,25
1321,1976,p0,26
1322,1976,p0,27
1323,1977,p0,1
1324,1977,p1,2
1325,1977,p0,3
1326,1977,p4,4
1327,1977,p4,5
1328,1977,p0,6
1329,1977,p0,7
1330,1977,p0,8
1331,1977,p0,9
1332,1977,p0,10
1333,1977,p0,11
1334,1977,p0,12
1335,1977,p0,13
1336,1977,p0,14
1337,1977,p0,15
1338,1977,p0,16
1339,1977,p0,17
1340,1977,p0,18
1341,1977,p0,19
1342,1977,p5,20
1343,1977,p0,21
1344,1977,p5,22
1345,1977,p0,23
1346,1977,p0,24
1347,1977,p0,25
1348,1977,p0,26
1349,1977,p0,27
1350,1977,p0,28
1351,1978,p0,1
1352,1978,p0,2
1353,1978,p0,3
1354,1978,p0,4
1355,1978,p0,5
1356,1978,p0,6
1357,1978,p0,7
1358,1978,p0,8
1359,1978,p0,9
1360,1978,p0,10
1361,1978,p0,11
1362,1978,p0,12
1363,1978,p0,13
1364,1978,p0,14
1365,1978,p0,15
1366,1978,p0,16
1367,1978,p0,17
1368,1978,p0,18
1369,1978,p0,19
1370,1978,p0,20
1371,1978,p0,21
1372,1978,p0,22
1373,1978,p0,23
1374,1978,p0,24
1375,1978,p0,25
1376,1979,p0,1
1377,1979,p0,2
1378,1979,p0,3
1379,1979,p0,4
1380,1979,p0,5
1381,1979,p0,6
1382,1979,p0,7
1383,1979,p0,8
1384,1979,p0,9
1385,1979,p0,10
1386,1979,p0,11
1387,1979,p0,12
1388,1979,p0,13
1389,1979,p0,14
1390,1979,p0,15
1391,1979,p0,16
1392,1979,p0,17
1393,1979,p0,18
1394,1979,p0,19
1395,1979,p0,20
1396,1979,p0,21
1397,1979,p0,22
1398,1979,p0,23
1399,1979,p0,24
1400,1979,p0,25
1401,1980,p0,1
1402,1980,p0,2
1403,1980,p0,3
1404,1980,p0,4
1405,1980,p0,5
1406,1980,p0,6
1407,1980,p0,7
1408,1980,p0,8
1409,1980,p0,9
1410,1980,p0,10
1411,1980,p0,11
1412,1980,p0,12
1413,1980,p0,13
1414,1980,p0,14
1415,1980,p0,15
1416,1980,p0,16
1417,1980,p0,17
1418,1980,p0,18
1419,1980,p0,19
1420,1980,p0,20
1421,1980,p0,21
1422,1980,p0,22
1423,1980,p0,23
1424,1980,p0,24
1425,1980,p0,25
1426,1981,p0,1
1427,1981,p0,2
1428,1981,p0,3
1429,1981,p0,4
1430,1981,p0,5
1431,1981,p0,6
1432,1981,p0,7
1433,1981,p0,8
1434,1981,p0,9
1435,1981,p0,10
1436,1981,p0,11
1437,1981,p0,12
1438,1981,p0,13
1439,1981,p0,14
1440,1981,p0,15
1441,1981,p0,16
1442,1981,p0,17
1443,1981,p0,18
1444,1981,p0,19
1445,1981,p0,20
1446,1981,p0,21
1447,1981,p0,22
1448,1981,p0,23
1449,1981,p0,24
1450,1981,p0,25
1451,1982,p0,1
1452,1982,p0,2
1453,1982,p0,3
1454,1982,p0,4
1455,1982,p0,5
1456,1982,p0,6
1457,1982,p0,7
1458,1982,p0,8
1459,1982,p0,9
1460,1982,p0,10
1461,1982,p0,11
1462,1982,p0,12
1463,1982,p0,13
1464,1982,p0,14
1465,1982,p0,15
1466,1982,p0,16
1467,1982,p0,17
1468,1982,p0,18
1469,1982,p0,19
1470,1982,p0,20
1471,1982,p0,21
1472,1982,p0,22
1473,1982,p0,23
1474,1983,p0,1
1475,1983,p0,2
1476,1983,p0,3
1477,1983,p0,4
1478,1983,p0,5
1479,1983,p0,6
1480,1983,p0,7
1481,1983,p0,8
1482,1983,p0,9
1483,1983,p0,10
1484,1983,p0,11
1485,1983,p0,12
1486,1983,p0,13
1487,1983,p0,14
1488,1983,p0,15
1489,1983,p0,16
1490,1983,p0,17
1491,1983,p0,18
1492,1983,p0,19
1493,1983,p0,20
1494,1983,p0,21
1495,1983,p0,22
1496,1983,p0,23
1497,1984,p0,1
1498,1984,p0,2
1499,1984,p0,3
1500,1984,p0,4
1501,1984,p0,5
1502,1984,p0,6
1503,1984,p0,7
1504,1984,p0,8
1505,1984,p0,9
1506,1984,p0,10
1507,1984,p0,11
1508,1984,p0,12
1509,1984,p0,13
1510,1984,p0,14
1511,1984,p0,15
1512,1984,p0,16
1513,1984,p0,17
1514,1984,p0,18
1515,1984,p0,19
1516,1984,p0,20
1517,1984,p0,21
1518,1984,p0,22
1519,1984,p0,23
1520,1984,p0,24
1521,1985,p0,1
1522,1985,p0,2
1523,1985,p0,3
1524,1985,p0,4
1525,1985,p0,5
1526,1985,p0,6
1527,1985,p0,7
1528,1985,p0,8
1529,1985,p0,9
1530,1985,p0,10
1531,1985,p0,11
1532,1985,p0,12
1533,1985,p0,13
1534,1985,p0,14
1535,1985,p0,15
1536,1985,p0,16
1537,1985,p0,17
1538,1985,p0,18
1539,1985,p0,19
1540,1985,p0,20
1541,1985,p0,21
1542,1985,p0,22
1543,1985,p0,23
1544,1985,p0,24
1545,1986,p0,1
1546,1986,p0,2
1547,1986,p0,3
1548,1986,p0,4
1549,1986,p0,5
1550,1986,p0,6
1551,1986,p0,7
1552,1986,p0,8
1553,1986,p0,9
1554,1986,p0,10
1555,1986,p0,11
1556,1986,p0,12
1557,1986,p0,13
1558,1986,p0,14
1559,1986,p0,15
1560,1986,p0,16
1561,1986,p0,17
1562,1986,p0,18
1563,1986,p0,19
1564,1986,p0,20
1565,1986,p0,21
1566,1986,p0,22
1567,1986,p0,23
1568,1986,p0,24
1569,1987,p0,1
1570,1987,p0,2
1571,1987,p0,3
1572,1987,p0,4
1573,1987,p0,5
1574,1987,p0,6
1575,1987,p0,7
1576,1987,p0,8
1577,1987,p0,9
1578,1987,p0,10
1579,1987,p0,11
1580,1987,p0,12
1581,1987,p0,13
1582,1987,p0,14
1583,1987,p0,15
1584,1987,p0,16
1585,1987,p0,17
1586,1987,p0,18
1587,1987,p0,19
1588,1987,p0,20
1589,1987,p0,21
1590,1987,p0,22
1591,1987,p0,23
1592,1987,p0,24
1593,1987,p0,25
1594,1987,p0,26
1595,1988,p0,1
1596,1988,p0,2
1597,1988,p0,3
1598,1988,p0,4
1599,1988,p0,5
1600,1988,p0,6
1601,1988,p0,7
1602,1988,p0,8
1603,1988,p0,9
1604,1988,p0,10
1605,1988,p0,11
1606,1988,p0,12
1607,1988,p0,13
1608,1988,p0,14
1609,1988,p0,15
1610,1988,p0,16
1611,1988,p0,17
1612,1988,p0,18
1613,1988,p0,19
1614,1988,p0,20
1615,1988,p0,21
1616,1988,p0,22
1617,1988,p0,23
1618,1989,p0,1
1619,1989,p0,2
1620,1989,p0,3
1621,1989,p0,4
1622,1989,p0,5
1623,1989,p0,6
1624,1989,p0,7
1625,1989,p0,8
1626,1989,p0,9
1627,1989,p0,10
1628,1989,p0,11
1629,1989,p0,12
1630,1989,p0,13
1631,1989,p0,14
1632,1989,p0,15
1633,1989,p0,16
1634,1989,p0,17
1635,1989,p0,18
1636,1989,p0,19
1637,1989,p0,20
1638,1989,p0,21
1639,1989,p0,22
1640,1990,p1,1
1641,1990,p1,2
1642,1990,p1,3
1643,1990,p1,4
1644,1990,p1,5
1645,1990,p1,6
1646,1990,p1,7
1647,1990,p1,8
1648,1990,p1,9
1649,1990,p2,10
1650,1990,p5,11
1651,1990,p5,12
1652,1990,p3,13
1653,1990,p2,14
1654,1990,p5,15
1655,1990,p2,16
1656,1990,p5,17
1657,1990,p4,18
1658,1990,p1,19
1659,1990,p1,20
1660,1990,p1,21
1661,1990,p1,22
1662,1991,p1,1
1663,1991,p1,2
1664,1991,p1,3
1665,1991,p1,4
1666,1991,p1,5
1667,1991,p1,6
1668,1991,p1,7
1669,1991,p1,8
1670,1991,p1,9
1671,1991,p1,10
1672,1991,p1,11
1673,1991,p1,12
1674,1991,p4,13
1675,1991,p5,14
1676,1991,p1,15
1677,1991,p1,16
1678,1991,p1,17
1679,1991,p5,18
1680,1991,p3,19
1681,1991,p2,20
1682,1991,p2,21
1683,1991,p1,22
1684,1991,p1,23
1685,1992,p1,1
1686,1992,p0,2
1687,1992,p2,3
1688,1992,p1,4
1689,1992,p1,5
1690,1992,p1,6
1691,1992,p1,7
1692,1992,p1,8
1693,1992,p1,9
1694,1992,p0,10
1695,1992,p1,11
1696,1992,p2,12
1697,1992,p3,13
1698,1992,p5,14
1699,1992,p5,15
1700,1992,p2,16
1701,1992,p3,17
1702,1992,p2,18
1703,1992,p2,19
1704,1992,p2,20
1705,1992,p2,21
1706,1992,p2,22
1707,1993,p1,1
1708,1993,p1,2
1709,1993,p1,3
1710,1993,p1,4
1711,1993,p1,5
1712,1993,p1,6
1713,1993,p1,7
1714,1993,p1,8
1715,1993,p1,9
1716,1993,p1,10
1717,1993,p4,11
1718,1993,p5,12
1719,1993,p2,13
1720,1993,p1,14
1721,1993,p1,15
1722,1993,p5,16
1723,1993,p5,17
1724,1993,p4,18
1725,1993,p1,19
1726,1993,p1,20
1727,1993,p1,21
1728,1994,p1,1
1729,1994,p1,2
1730,1994,p1,3
1731,1994,p1,4
1732,1994,p1,5
1733,1994,p1,6
1734,1994,p1,7
1735,1994,p1,8
1736,1994,p1,9
1737,1994,p1,10
1738,1994,p1,11
1739,1994,p5,12
1740,1994,p5,13
1741,1994,p1,14
1742,1994,p2,15
1743,1994,p4,16
1744,1994,p5,17
1745,1994,p5,18
1746,1994,p4,19
1747,1994,p5,20
1748,1994,p2,21
1749,1994,p1,22
1750,1995,p1,1
1751,1995,p1,2
1752,1995,p1,3
1753,1995,p1,4
1754,1995,p1,5
1755,1995,p1,6
1756,1995,p1,7
1757,1995,p2,8
1758,1995,p3,9
1759,1995,p5,10
1760,1995,p5,11
1761,1995,p2,12
1762,1995,p5,13
1763,1995,p2,14
1764,1995,p5,15
1765,1995,p5,16
1766,1995,p4,17
1767,1995,p1,18
1768,1995,p1,19
1769,1995,p1,20
1770,1995,p1,21
1771,1996,p1,1
1772,1996,p1,2
1773,1996,p1,3
1774,1996,p1,4
1775,1996,p1,5
1776,1996,p1,6
1777,1996,p2,7
1778,1996,p5,8
1779,1996,p5,9
1780,1996,p5,10
1781,1996,p2,11
1782,1996,p2,12
1783,1996,p2,13
1784,1996,p3,14
1785,1996,p3,15
1786,1996,p1,16
1787,1996,p5,17
1788,1996,p4,18
1789,1996,p2,19
1790,1996,p1,20
1791,1996,p1,21
1792,1996,p1,22
1793,1997,p1,1
1794,1997,p1,2
1795,1997,p1,3
1796,1997,p3,4
1797,1997,p1,5
1798,1997,p1,6
1799,1997,p1,7
1800,1997,p1,8
1801,1997,p1,9
1802,1997,p3,10
1803,1997,p5,11
1804,1997,p2,12
1805,1997,p2,13
1806,1997,p5,14
1807,1997,p5,15
1808,1997,p4,16
1809,1997,p2,17
1810,1997,p1,18
1811,1997,p2,19
1812,1997,p1,20
1813,1997,p1,21
1814,1997,p1,22
1815,1998,p1,1
1816,1998,p1,2
1817,1998,p1,3
1818,1998,p1,4
1819,1998,p1,5
1820,1998,p1,6
1821,1998,p1,7
1822,1998,p1,8
1823,1998,p1,9
1824,1998,p4,10
1825,1998,p5,11
1826,1998,p1,12
1827,1998,p2,13
1828,1998,p2,14
1829,1998,p5,15
1830,1998,p4,16
1831,1998,p4,17
1832,1998,p2,18
1833,1998,p1,19
1834,1998,p1,20
1835,1998,p1,21
1836,1999,p1,1
1837,1999,p1,2
1838,1999,p1,3
1839,1999,p1,4
1840,1999,p1,5
1841,1999,p1,6
1842,1999,p1,7
1843,1999,p1,8
1844,1999,p1,9
1845,1999,p5,10
1846,1999,p5,11
1847,1999,p2,12
1848,1999,p3,13
1849,1999,p2,14
1850,1999,p1,15
1851,1999,p5,16
1852,1999,p4,17
1853,1999,p1,18
1854,1999,p1,19
1855,1999,p1,20
1856,1999,p1,21
1857,2000,p1,1
1858,2000,p1,2
1859,2000,p1,3
1860,2000,p1,4
1861,2000,p1,5
1862,2000,p1,6
1863,2000,p1,7
1864,2000,p1,8
1865,2000,p1,9
1866,2000,p5,10
1867,2000,p1,11
1868,2000,p5,12
1869,2000,p1,13
1870,2000,p5,14
1871,2000,p5,15
1872,2000,p4,16
1873,2000,p2,17
1874,2000,p1,18
1875,2000,p1,19
1876,2000,p1,20
1877,2000,p1,21
1878,2001,p1,1
1879,2001,p1,2
1880,2001,p1,3
1881,2001,p2,4
1882,2001,p1,5
1883,2001,p1,6
1884,2001,p2,7
1885,2001,p2,8
1886,2001,p1,9
1887,2001,p1,10
1888,2001,p5,11
1889,2001,p5,12
1890,2001,p5,13
1891,2001,p5,14
1892,2001,p5,15
1893,2001,p1,16
1894,2001,p1,17
1895,2001,p1,18
1896,2001,p1,19
1897,2001,p1,20
1898,2001,p1,21
1899,2002,p1,1
1900,2002,p1,2
1901,2002,p1,3
1902,2002,p1,4
1903,2002,p1,5
1904,2002,p1,6
1905,2002,p1,7
1906,2002,p1,8
1907,2002,p1,9
1908,2002,p1,10
1909,2002,p1,11
1910,2002,p5,12
1911,2002,p0,13
1912,2002,p1,14
1913,2002,p5,15
1914,2002,p5,16
1915,2002,p5,17
1916,2002,p4,18
1917,2002,p2,19
1918,2002,p1,20
1919,2002,p1,21
1920,2003,p0,1
1921,2003,p0,2
1922,2003,p0,3
1923,2003,p0,4
1924,2003,p0,5
1925,2003,p0,6
1926,2003,p0,7
1927,2003,p0,8
1928,2003,p0,9
1929,2003,p0,10
1930,2003,p0,11
1931,2003,p0,12
1932,2003,p0,13
1933,2003,p0,14
1934,2003,p0,15
1935,2003,p0,16
1936,2003,p0,17
1937,2003,p0,18
1938,2003,p0,19
1939,2003,p0,20
1940,2003,p0,21
1941,2004,p0,1
1942,2004,p0,2
1943,2004,p0,3
1944,2004,p0,4
1945,2004,p0,5
1946,2004,p0,6
1947,2004,p0,7
1948,2004,p0,8
1949,2004,p0,9
1950,2004,p0,10
1951,2004,p0,11
1952,2004,p0,12
1953,2004,p0,13
1954,2004,p0,14
1955,2004,p0,15
1956,2004,p0,16
1957,2004,p0,17
1958,2004,p4,18
1959,2004,p2,19
1960,2004,p0,20
1961,2004,p0,21
1962,2005,p0,1
1963,2005,p0,2
1964,2005,p0,3
1965,2005,p0,4
1966,2005,p0,5
1967,2005,p0,6
1968,2005,p0,7
1969,2005,p0,8
1970,2005,p0,9
1971,2005,p0,10
1972,2005,p4,11
1973,2005,p0,12
1974,2005,p0,13
1975,2005,p0,14
1976,2005,p0,15
1977,2005,p0,16
1978,2005,p0,17
1979,2005,p0,18
1980,2005,p0,19
1981,2005,p0,20
1982,2005,p0,21
1983,2006,p1,1
1984,2006,p0,2
1985,2006,p0,3
1986,2006,p0,4
1987,2006,p0,5
1988,2006,p0,6
1989,2006,p0,7
1990,2006,p0,8
1991,2006,p0,9
1992,2006,p0,10
1993,2006,p0,11
1994,2006,p0,12
1995,2006,p0,13
1996,2006,p0,14
1997,2006,p0,15
1998,2006,p0,16
1999,2006,p0,17
2000,2006,p0,18
2001,2006,p0,19
2002,2006,p0,20
2003,2006,p0,21
2004,2007,p0,1
2005,2007,p0,2
2006,2007,p0,3
2007,2007,p1,4
2008,2007,p1,5
2009,2007,p0,6
2010,2007,p0,7
2011,2007,p0,8
2012,2007,p0,9
2013,2007,p0,10
2014,2007,p0,11
2015,2007,p0,12
2016,2007,p0,13
2017,2007,p0,14
2018,2007,p0,15
2019,2007,p0,16
2020,2007,p0,17
2021,2007,p0,18
2022,2007,p0,19
2023,2007,p0,20
2024,2007,p0,21
2025,2008,p0,1
2026,2008,p0,2
2027,2008,p0,3
2028,2008,p0,4
2029,2008,p1,5
2030,2008,p0,6
2031,2008,p0,7
2032,2008,p1,8
2033,2008,p0,9
2034,2008,p0,10
2035,2008,p0,11
2036,2008,p1,12
2037,2008,p1,13
2038,2008,p0,14
2039,2008,p0,15
2040,2008,p0,16
2041,2008,p5,17
2042,2008,p0,18
2043,2008,p0,19
2044,2008,p0,20
2045,2008,p0,21
2046,2009,p0,1
2047,2009,p1,2
2048,2009,p1,3
2049,2009,p0,4
2050,2009,p0,5
2051,2009,p0,6
2052,2009,p0,7
2053,2009,p0,8
2054,2009,p0,9
2055,2009,p1,10
2056,2009,p1,11
2057,2009,p0,12
2058,2009,p0,13
2059,2009,p0,14
2060,2009,p0,15
2061,2009,p0,16
2062,2009,p0,17
2063,2009,p0,18
2064,2009,p0,19
2065,2009,p0,20
2066,2009,p0,21
2067,2010,p0,1
2068,2010,p0,2
2069,2010,p0,3
2070,2010,p0,4
2071,2010,p0,5
2072,2010,p1,6
2073,2010,p1,7
2074,2010,p0,8
2075,2010,p0,9
2076,2010,p0,10
2077,2010,p0,11
2078,2010,p1,12
2079,2010,p0,13
2080,2010,p1,14
2081,2010,p0,15
2082,2010,p0,16
2083,2010,p0,17
2084,2010,p0,18
2085,2010,p0,19
2086,2010,p0,20
2087,2010,p1,21
2088,2011,p3,1
2089,2011,p1,2
2090,2011,p1,3
2091,2011,p3,4
2092,2011,p1,5
2093,2011,p2,6
2094,2011,p1,7
2095,2011,p5,8
2096,2011,p2,9
2097,2011,p2,10
2098,2011,p2,11
2099,2011,p5,12
2100,2011,p4,13
2101,2011,p5,14
2102,2011,p1,15
2103,2011,p4,16
2104,2011,p4,17
2105,2011,p5,18
2106,2011,p5,19
2107,2011,p2,20
2108,2011,p1,21
2109,2012,p1,1
2110,2012,p3,2
2111,2012,p1,3
2112,2012,p3,4
2113,2012,p1,5
2114,2012,p1,6
2115,2012,p1,7
2116,2012,p5,8
2117,2012,p4,9
2118,2012,p1,10
2119,2012,p4,11
2120,2012,p5,12
2121,2012,p4,13
2122,2012,p1,14
2123,2012,p4,15
2124,2012,p1,16
2125,2012,p4,17
2126,2012,p5,18
2127,2012,p1,19
2128,2012,p1,20
2129,2012,p1,21
2130,2013,p1,1
2131,2013,p4,2
2132,2013,p2,3
2133,2013,p1,4
2134,2013,p2,5
2135,2013,p1,6
2136,2013,p2,7
2137,2013,p5,8
2138,2013,p4,9
2139,2013,p1,10
2140,2013,p1,11
2141,2013,p1,12
2142,2013,p1,13
2143,2013,p2,14
2144,2013,p5,15
2145,2013,p4,16
2146,2013,p2,17
2147,2013,p5,18
2148,2013,p4,19
2149,2013,p5,20
2150,2013,p1,21
2151,2014,p2,1
2152,2014,p2,2
2153,2014,p1,3
2154,2014,p1,4
2155,2014,p1,5
2156,2014,p1,6
2157,2014,p1,7
2158,2014,p5,8
2159,2014,p4,9
2160,2014,p5,10
2161,2014,p2,11
2162,2014,p2,12
2163,2014,p5,13
2164,2014,p5,14
2165,2014,p1,15
2166,2014,p4,16
2167,2014,p5,17
2168,2014,p5,18
2169,2014,p1,19
2170,2014,p3,20
2171,2014,p1,21
2172,2015,p1,1
2173,2015,p1,2
2174,2015,p3,3
2175,2015,p1,4
2176,2015,p1,5
2177,2015,p3,6
2178,2015,p1,7
2179,2015,p3,8
2180,2015,p3,9
2181,2015,p5,10
2182,2015,p5,11
2183,2015,p5,12
2184,2015,p2,13
2185,2015,p5,14
2186,2015,p2,15
2187,2015,p4,16
2188,2015,p5,17
2189,2015,p4,18
2190,2015,p5,19
2191,2015,p5,20
2192,2015,p1,21
2193,2016,p2,1
2194,2016,p3,2
2195,2016,p2,3
2196,2016,p2,4
2197,2016,p4,5
2198,2016,p2,6
2199,2016,p4,7
2200,2016,p4,8
2201,2016,p5,9
2202,2016,p4,10
2203,2016,p2,11
2204,2016,p5,12
2205,2016,p3,13
2206,2016,p2,14
2207,2016,p4,15
2208,2016,p2,16
2209,2016,p5,17
2210,2016,p5,18
2211,2016,p5,19
2212,2016,p4,20
2213,2016,p1,21
2214,2017,p1,1
2215,2017,p1,2
2216,2017,p1,3
2217,2017,p1,4
2218,2017,p5,5
2219,2017,p1,6
2220,2017,p1,7
2221,2017,p4,8
2222,2017,p4,9
2223,2017,p1,10
2224,2017,p1,11
2225,2017,p5,12
2226,2017,p4,13
2227,2017,p1,14
2228,2017,p2,15
2229,2017,p1,16
2230,2017,p4,17
2231,2017,p5,18
2232,2017,p1,19
2233,2017,p1,20
2234,2017,p1,21
2235,2018,p1,1
2236,2018,p1,2
2237,2018,p1,3
2238,2018,p1,4
2239,2018,p3,5
2240,2018,p3,6
2241,2018,p1,7
2242,2018,p1,8
2243,2018,p1,9
2244,2018,p4,10
2245,2018,p5,11
2246,2018,p5,12
2247,2018,p1,13
2248,2018,p2,14
2249,2018,p4,15
2250,2018,p4,16
2251,2018,p5,17
2252,2018,p1,18
2253,2018,p4,19
2254,2018,p3,20
2255,2018,p1,21
2256,2019,p3,1
2257,2019,p1,2
2258,2019,p3,3
2259,2019,p2,4
2260,2019,p2,5
2261,2019,p5,6
2262,2019,p2,7
2263,2019,p2,8
2264,2019,p2,9
2265,2019,p2,10
2266,2019,p2,11
2267,2019,p4,12
2268,2019,p1,13
2269,2019,p5,14
2270,2019,p5,15
2271,2019,p2,16
2272,2019,p2,17
2273,2019,p4,18
2274,2019,p5,19
2275,2019,p5,20
2276,2019,p1,21
2277,2020,p2,1
2278,2020,p4,2
2279,2020,p2,3
2280,2020,p5,4
2281,2020,p1,5
2282,2020,p5,6
2283,2020,p2,7
2284,2020,p4,8
2285,2020,p4,9
2286,2020,p1,10
2287,2020,p1,11
2288,2020,p3,12
2289,2020,p5,13
2290,2020,p4,14
2291,2020,p5,15
2292,2020,p5,16
2293,2020,p5,17
2294,2020,p4,18
2295,2020,p2,19
2296,2020,p5,20
2297,2020,p1,21
